"","F.Mortality","NPV"
"1",0.318057,22146.2759067114
