"","YearsClosed","NPV"
"1",1,1251835.10656195
"2",2,1690421.73873656
"3",3,2037131.03512748
"4",4,2285386.00428957
"5",5,2454344.40312064
"6",6,2555469.1736128
"7",7,2597098.04637992
"8",8,2585889.27814804
"9",9,2528298.99360266
"10",10,2430689.75475375
"11",11,2298826.51043345
"12",12,2137511.78139592
"13",13,1950213.40739637
"14",14,1738419.08722606
"15",15,1500419.8246167
"16",16,1229275.8927624
"17",17,909503.915448158
"18",18,514057.339285548
"19",19,0
"20",20,0
