"","Months.closed","NPV"
"1",1,-451.799385143048
"2",10,6681.04273503828
"3",11,4135.39603787769
"4",2,1463.59725223707
"5",3,3271.21662091778
"6",4,4923.14779855014
"7",5,6358.7257756218
"8",6,7500.9859913551
"9",7,8251.67148129888
"10",8,8484.14807907442
"11",9,8033.30032178967
