"","Selectivity","NPV"
"1",29,-4734.01137389461
"2",30,-1286.63155136387
"3",31,-1286.63155136387
"4",38,-1286.63155136387
"5",45,3868.39951157483
"6",62,8729.86713724695
"7",70,11076.3239436151
"8",76,11486.0723335054
"9",101,5822.98591414562
