"","Months.closed","NPV"
"1",1,-953.200975521331
"2",10,6481.19468530323
"3",11,4023.70443038039
"4",2,971.200537330698
"5",3,2791.90932168925
"6",4,4461.60798493347
"7",5,5920.32598874704
"8",6,7091.96063962971
"9",7,7879.37666066731
"10",8,8157.44755087082
"11",9,7763.12507041161
