"","Months.closed","NPV"
"1",1,1180762.86109734
"2",10,2199181.76311153
"3",11,1318129.44730849
"4",2,1676525.6727831
"5",3,2123796.81610323
"6",4,2509208.37991674
"7",5,2816097.61786106
"8",6,3023513.73590617
"9",7,3104876.2638676
"10",8,3026152.87566956
"11",9,2743369.11354588
