"","Selectivity","NPV"
"1",29,-2190.07731445985
"2",30,2411.68997956892
"3",31,2411.68997956892
"4",38,2411.68997956892
"5",45,8011.68567940862
"6",62,12829.1136308657
"7",70,14516.3379522024
"8",76,14240.3376652756
"9",101,6716.36651985216
