"","Selectivity","NPV"
"1",29,-4447.69080365368
"2",30,-877.767459273105
"3",31,-877.767459273105
"4",38,-877.767459273105
"5",45,4339.47540431416
"6",62,9220.14451285423
"7",70,11510.9675226377
"8",76,11851.4155615049
"9",101,5960.62235480452
